,0
0,2mwp
1,5tcc
2,4mhs
3,1w13
4,5qac
5,1g9s
6,2g78
7,2wyg
8,3o9d
9,2ke1
10,5f63
11,3dzt
12,2c57
13,3v2w
14,5d21
15,5u9i
16,3i6o
17,2jk7
18,3b3s
19,5f08
20,4led
21,4elh
22,4c3k
23,3unn
24,6fby
25,5ewh
26,5hbs
27,6esj
28,2jjb
29,4o62
30,1tpw
31,5m77
32,3suu
33,5m29
34,4n7u
35,3ffp
36,2z4o
37,1c4u
38,5ny1
39,1lor
40,6n3v
41,6j3o
42,4ca8
43,4lil
44,6epa
45,1zpa
46,4k9y
47,1ih0
48,4aph
49,6pvs
50,1usn
51,3dri
52,5f9b
53,4aze
54,3ikg
55,4f7j
56,1aid
57,5huy
58,3ies
59,3jy0
60,1my4
61,2r43
62,4g8n
63,5ov8
64,6gfs
65,1sdt
66,6mxb
67,5wag
68,1wdn
69,5d3j
70,2ndo
71,4b2l
72,5mgl
73,5ml8
74,1u65
75,4eos
76,4poj
77,6h38
78,1mto
79,2g63
80,5w4e
81,5vad
82,6b67
83,2fkf
84,6ugr
85,3s74
86,5ggl
87,2l1r
88,5uex
89,1k1j
90,4mgb
91,5km0
92,4dy6
93,3k1j
94,5k6s
95,3e0p
96,1yci
97,2vk2
98,5cbs
99,4yas
100,1gz3
101,2j47
102,3jyj
103,3u7k
104,4ycm
105,5yy4
106,5e73
107,2fs9
108,4r0a
109,2pv3
110,5njx
111,5abe
112,6qav
113,4jv8
114,1pye
115,1sqn
116,1c5c
117,6h8c
118,4fab
119,4ibj
120,2rd6
121,4o6w
122,2y82
123,4qjp
124,5zyl
125,5ier
126,6p3u
127,5kva
128,3bmq
129,2g72
130,5sz2
131,1n1m
132,4zyz
133,1n3i
134,3mag
135,1uou
136,6k04
137,4wr8
138,6qat
139,2zq1
140,2vo4
141,5wbl
142,5ywx
143,4oc4
144,3fvk
145,4hwt
146,3fsm
147,6j0k
148,3tjh
149,4hla
150,4ty1
151,2gh9
152,3tne
153,6g37
154,6f92
155,3d91
156,1jwt
157,4ysl
158,1sb1
159,4u0e
160,6j63
161,2zc9
162,2ceq
163,1g74
164,6dh0
165,2oi2
166,4whr
167,4dai
168,5w44
169,4xxh
170,3rz5
171,6hpg
172,4qij
173,2q8y
174,2fs8
175,6goo
176,2zjv
177,4yrd
178,6d59
179,4bgy
180,5i25
181,3pwm
182,3vw0
183,1akv
184,1hk5
185,5qau
186,4ce1
187,4h7q
188,1ckb
189,5km3
190,2cbz
191,6gy5
192,5wzr
193,5mnh
194,4q3s
195,2v6n
196,6pve
197,2r0h
198,4nkt
199,1elr
200,1dif
201,2ovv
202,3efj
203,4gj3
204,4do5
205,2l12
206,4pli
207,3lgp
208,4unp
209,2rkn
210,4cc3
211,1g3b
212,4mm7
213,2gbg
214,4z93
215,2oyl
216,3gcs
217,6ey9
218,1w11
219,1q1g
220,3g7l
221,3hl5
222,5vm0
223,3zt1
224,6f9t
225,2vhj
226,2oc1
227,2ovy
228,6i0z
229,2v3u
230,1qca
231,5u4g
232,3o75
233,4q06
234,5elv
235,5j4n
236,2v54
237,5c5h
238,3d67
239,1ft7
240,3vdc
241,2wnj
242,4qnu
243,3i60
244,3g2u
245,3cyy
246,4n98
247,4auj
248,6c3u
249,4cl6
250,4zb8
251,5w10
252,3cen
253,4cp5
254,4lkd
255,3lk8
256,4mr5
257,1mue
258,6bw3
259,3f34
260,5y20
261,4qfo
262,3p58
263,4gy5
264,5z5f
265,4dju
266,3ejq
267,3l3m
268,3iqu
269,5khi
270,5v35
271,5kxi
272,6g9b
273,3pxq
274,6qlp
275,6pyd
276,1lgw
277,4jwk
278,2hkf
279,5l3f
280,4x0f
281,1lbk
282,6me2
283,1sts
284,1me3
285,5vfn
286,2jt6
287,3ay9
288,6cbh
289,4i7k
290,5jur
291,5l3a
292,4yee
293,5e1m
294,3k99
295,1qbu
296,1km3
297,3vw1
298,5w4v
299,6exi
300,4g0p
301,2zg3
302,2j9n
303,2hxm
304,4tkb
305,3qxh
306,3o1e
307,4o07
308,4cd1
309,1a4h
310,2pqz
311,2qdt
312,5o9p
313,1azl
314,6e2o
315,2ph9
316,3adv
317,4gee
318,2hob
319,5hu0
320,3itc
321,4b5s
322,4w50
323,3tkz
324,5e2k
325,2jdp
326,6dzx
327,6ugn
328,1m4h
329,6ar2
330,6gla
331,4zow
332,3rl8
333,4uja
334,3qmk
335,2r6w
336,3lhs
337,4u6c
338,1hk4
339,5oha
340,1uho
341,1qi0
342,6eq2
343,6ayn
344,2oc9
345,5d3c
346,5ttg
347,5t70
348,6fmi
349,5j6a
350,4rvr
351,5oxn
352,4gw1
353,4ib5
354,6ct7
355,2reg
356,3bm8
357,2jxr
358,3tsz
359,3nsn
360,4y63
361,3el1
362,5xs8
363,4mvn
364,4ww6
365,1jgl
366,5ngf
367,1q4l
368,4o97
369,5opv
370,6g4y
371,4b3c
372,1met
373,2h6b
374,6iph
375,1n5z
376,1juq
377,1eoc
378,3vfb
379,6gwr
380,5nzf
381,1ga8
382,6ert
383,5itf
384,2qg0
385,5mwz
386,1o3e
387,3hfb
388,3ejp
389,3gy7
390,5cj6
391,4r73
392,1xt3
393,6d49
394,3hbo
395,5obg
396,4kvm
397,2pu2
398,1yy6
399,5laq
400,4gd6
401,3i51
402,2yi7
403,4u43
404,4nmv
405,2jew
406,5evz
407,2wq4
408,5fol
409,4bt3
410,4glw
411,2p94
412,3d83
413,6cyh
414,6dlx
415,2iku
416,3qel
417,3v4t
418,5edr
419,6f6n
420,6f28
421,3nii
422,1nfw
423,2e1w
424,2v88
425,2zxd
426,2obo
427,6hh5
428,5wl0
429,5olk
430,5iis
431,5ee7
432,1d3p
433,6b4n
434,3umo
435,3lpi
436,1om1
437,1mfa
438,4xip
439,4ouj
440,3oaw
441,4d1c
442,6g39
443,4wmv
444,6e7u
445,6qls
446,4oct
447,3pwd
448,3e16
449,4er4
450,3lpp
451,4ibe
452,5c5t
453,2h2d
454,4mr6
455,4eqj
456,2vw2
457,2ypi
458,1jut
459,2qd6
460,4jsa
461,1vwn
462,4htp
463,5zym
464,4qfs
465,3aya
466,3b7r
467,1jev
468,1flm
469,6d6t
470,6gf9
471,5uwn
472,4hvb
473,4llk
474,4llj
475,1c5x
476,6cdp
477,6nm4
478,3sjt
479,6idb
480,2qi6
481,3bxf
482,3c3o
483,5ug9
484,5isz
485,1o0n
486,5a6i
487,4yy6
488,5ih2
489,1xkk
490,2xxw
491,6omu
492,5nme
493,3d0e
494,3dxm
495,4hwo
496,4dq2
497,3vws
498,5i9x
499,1caq
500,4i8z
501,3aau
502,2nmz
503,4ayt
504,4hwb
505,6mku
506,3ldp
507,2mc1
508,2y8i
509,3qgw
510,6c85
511,5dtw
512,6oe0
513,3twr
514,4prd
515,3eks
516,2o9v
517,6k05
518,4qq4
519,4mdt
520,4kcx
521,6dkg
522,6mli
523,1lyx
524,1bnt
525,6e83
526,2zfs
527,4ngm
528,1y3n
529,3iub
530,2vrj
531,6das
532,5b4w
533,4ad2
534,1os0
535,3d1z
536,5kyj
537,4joj
538,3r0h
539,4k3m
540,5sz7
541,6d3z
542,5ucj
543,3d04
544,5iz6
545,6cn5
546,5h9q
547,2vo5
548,2uy5
549,2fu8
550,6c1s
551,6o68
552,2fmb
553,2m0u
554,3pqz
555,2oym
556,4wup
557,1tcw
558,4dko
559,4qsw
560,6iht
561,5yie
562,5hyq
563,4qfg
564,6i41
565,5zdf
566,2m3z
567,5yyf
568,3ovn
569,3ddg
570,4n5t
571,6o7g
572,5hhx
573,6qlt
574,1bai
575,1k27
576,1sld
577,6d1g
578,1c12
579,2v77
580,4np2
581,1rpa
582,4xas
583,3rz7
584,3d2r
585,2zx6
586,1o9e
587,1g4j
588,6kdi
589,2f7i
590,2psx
591,4m5m
592,6g36
593,5mwy
594,2b1r
595,4mmf
596,5n8t
597,3p4q
598,6e1a
599,5a3o
600,4rux
601,4j26
602,4j7i
603,3r4p
604,4hdf
605,2ces
606,6phx
607,3qce
608,6st0
609,4oem
610,1bnw
611,2bqw
612,6h7f
613,1syo
614,6v5l
615,1uti
616,1p10
617,3rg2
618,5f74
619,4kom
620,1g1e
621,4qb3
622,6ewk
623,2emt
624,2fai
625,3sm0
626,1wdq
627,1aqj
628,5qa9
629,4kii
630,1d4j
631,3are
632,5ntt
633,1adl
634,6fsy
635,5hi7
636,4lrh
637,6gch
638,1qm4
639,5svl
640,4ovg
641,4ra1
642,2mow
643,4ppb
644,2wkt
645,5lpr
646,5o1f
647,1tom
648,5i9y
649,6dil
650,6py0
651,4x21
652,1bkj
653,1d09
654,1fig
655,4tkj
656,3h0a
657,3hl8
658,4urx
659,5xof
660,3kme
661,5z66
662,3lk1
663,1o36
664,1xxh
665,5xp7
666,6ey8
667,6d3g
668,3zy2
669,5u12
670,5zoo
671,4u5v
672,4prg
673,1det
674,4jpy
675,5fni
676,4fm8
677,4io5
678,2cvd
679,3tdh
680,5jq7
681,5i3y
682,1tmm
683,4i72
684,5n2x
685,3d32
686,4wa9
687,1tyn
688,2qln
689,2bys
690,5w3i
691,5jcb
692,1ydk
693,6eqv
694,5m4i
695,6idz
696,6dh1
697,4o09
698,4a4h
699,4ou3
700,5nxy
701,3fsj
702,5ty9
703,6n9h
704,4ayu
705,3a9i
706,6m87
707,4qf8
708,1fax
709,5fsn
710,2v86
711,1uod
712,4z0e
713,4yvc
714,3k27
715,1ur9
716,3uwl
717,4z89
718,6fs0
719,6gnm
720,1thz
721,1o2w
722,1lhu
723,4cmo
724,4c1w
725,6pga
726,1o2k
727,3nil
728,6d1x
729,6b1c
730,4r4q
731,3qbc
732,2pl0
733,5ylj
734,3sax
735,3psl
736,3g19
737,3v5p
738,5fb7
739,2h2j
740,2ccb
741,5l2s
742,5znr
743,5e0l
744,1fsw
745,6nnr
746,1a0q
747,5uci
748,4io2
749,3sh1
750,5amg
751,6r0x
752,6eeh
753,2ww2
754,6gvf
755,5eh8
756,5l8n
757,5xg5
758,3k8o
759,4k3r
760,3pn1
761,4eon
762,5umy
763,4lop
764,6pg4
765,6er4
766,1dhi
767,5sz0
768,5wkf
769,2fxu
770,6mln
771,5tfx
772,1fmb
773,4jck
774,6i64
775,5qqo
776,5os7
777,6ema
778,4ycn
779,5uwp
780,5o1d
781,5od5
782,5ir1
783,5jr2
784,2uyn
785,1ew8
786,1g3f
787,1zyr
788,5ulp
789,2d06
790,8lpr
791,4ran
792,3sow
793,6fdp
794,1o33
795,6cjr
796,3lzs
797,4km2
798,6mnv
799,1h6h
800,3pch
801,5vlh
802,3m35
803,5xhz
804,6eln
805,5h4j
806,2hug
807,1oim
808,5kby
809,4k55
810,4djp
811,2bvr
812,5bnj
813,6hk4
814,2pvj
815,4cwf
816,3oe0
817,4i71
818,3mo2
819,3tvl
820,5yic
821,5mt0
822,5o3r
823,3wdc
824,4ngs
825,1amk
826,6aad
827,5mav
828,5wex
829,1sfi
830,1v16
831,3n5e
832,6iql
833,4j45
834,3gss
835,188l
836,6g6z
837,3h5b
838,4qyo
839,3n4b
840,6ikm
841,3bu1
842,3vh9
843,5upz
844,4re4
845,2n9e
846,1hvs
847,3u9c
848,5eel
849,1czo
850,5qab
851,4hva
852,3asl
853,2flb
854,3wjw
855,4j4v
856,2zxa
857,1s64
858,5ll9
859,3m36
860,5zu0
861,5edq
862,3zpt
863,1r5w
864,1lhe
865,5ejl
866,4ym4
867,5wmg
868,5b5g
869,4w4z
870,3hwx
871,4gih
872,4u58
873,1p04
874,2c9b
875,2ybu
876,1i6v
877,4jmx
878,6u5y
879,5dgz
880,3nmq
881,5fdo
882,5ixt
883,3jzh
884,3fyz
885,1pdq
886,5ukj
887,1f5l
888,4km0
889,4aje
890,3gpo
891,3k8c
892,5hyr
893,2q7o
894,1g3c
895,3ew2
896,6cdj
897,4ymb
898,6np5
899,5t9z
900,2qlj
901,5u4b
902,4r75
903,6g7a
904,3eor
905,4kp0
906,3kqd
907,6aqs
908,4zy5
909,1iew
910,2fr8
911,4ljh
912,4z0q
913,3i5r
914,4uce
915,5zdc
916,1x7a
917,5lwd
918,2r1y
919,4igq
920,4amx
921,3m53
922,5h7g
923,3ud7
924,4b6q
925,1v11
926,3t85
927,3guz
928,5u06
929,1c1r
930,3uyr
931,4ret
932,4cgi
933,1ec0
934,4lk7
935,2q55
936,5d3h
937,4cwn
938,3st5
939,1ilq
940,4fsl
941,5u49
942,3be9
943,5hfb
944,1g54
945,4z8a
946,6o5x
947,3lc5
948,3eos
949,1slg
950,2z92
951,5nge
952,6ap8
953,1b3f
954,2p4j
955,2cn0
956,4tzq
957,3hkn
958,2ha7
959,2wl5
960,4ufg
961,1d4p
962,1k2v
963,3n0h
964,4os6
965,5vdw
966,4kwg
967,5ufc
968,5y5w
969,6b59
970,6hb5
971,5in9
972,4usi
973,1n51
974,4i7m
975,2rka
976,6e3s
977,2pcp
978,2y7k
979,3dp4
980,4oc5
981,4q1d
982,1w7g
983,1e72
984,5w19
985,6om4
986,4w9k
987,6fi5
988,1kds
989,1aj6
990,5vcz
991,5dah
992,4auy
993,1os5
994,4ge6
995,3gvu
996,4nxr
997,5tks
998,5ndd
999,6gg8
1000,1fwu
1001,2g97
1002,5wef
1003,4fm7
1004,5v1y
1005,4kz7
1006,4nmq
1007,4g0c
1008,6g2n
1009,1gyy
1010,3pd9
1011,3moe
1012,3g2s
1013,5uxm
1014,4mrw
1015,5j31
1016,4fe6
1017,4p3h
1018,4z1j
1019,1syh
1020,2h23
1021,4ayw
1022,6beb
1023,3i91
1024,4wr7
1025,5mwp
1026,2on6
1027,6q3q
1028,1b2m
1029,2ja3
1030,2x7x
1031,6eda
1032,2gyi
1033,4oue
1034,1b58
1035,3eky
1036,4zyy
1037,5flp
1038,3qs1
1039,3u2q
1040,5ceq
1041,3rqg
1042,5iz8
1043,2cht
1044,2yln
1045,4qkd
1046,4pop
1047,1pr1
1048,4ddm
1049,3zmu
1050,6olx
1051,4c5d
1052,3tk2
1053,5ml4
1054,6fam
1055,5x74
1056,6hov
1057,5n31
1058,4w55
1059,2h21
1060,4lkj
1061,1lkl
1062,1sbg
1063,1x1z
1064,1pau
1065,4m8y
1066,4ej2
1067,1xa5
1068,223l
1069,5oh7
1070,4z2p
1071,6mlp
1072,3oim
1073,4pda
1074,1a8t
1075,3b2q
1076,5b56
1077,3c14
1078,2fo4
1079,3ryx
1080,5ufi
1081,3hs4
1082,3qs4
1083,2i0e
1084,2jnp
1085,1oeb
1086,4tyl
1087,5e0m
1088,3f3t
1089,4mr4
1090,6nk1
1091,4e3k
1092,4cmu
1093,5epr
1094,5avi
1095,6ugz
1096,2qx0
1097,6a93
1098,6tl2
1099,1fpy
1100,1tsv
1101,1ua4
1102,2wj2
1103,5eh7
1104,4ytf
1105,1y3g
1106,3tvc
1107,2lpr
1108,6sbt
1109,2bvx
1110,3iph
1111,5wp5
1112,1no9
1113,1str
1114,2v95
1115,5x54
1116,4qxo
1117,2df6
1118,4gj2
1119,1jmi
1120,1n1v
1121,3f80
1122,2jj3
1123,4mjo
1124,6jb4
1125,1sqq
1126,3bkl
1127,4jyu
1128,3k05
1129,5q0e
1130,1nwl
1131,5d3s
1132,3bmo
1133,6j7l
1134,1bo5
1135,5mqy
1136,1lah
1137,1oyq
1138,4cd6
1139,5ajc
1140,3eb1
1141,5d25
1142,2qnp
1143,6b5a
1144,3bwk
1145,3zos
1146,6cwi
1147,4m12
1148,2v87
1149,3t2q
1150,4d1y
1151,5eis
1152,4mz6
1153,4hiq
1154,6a9o
1155,3p4v
1156,5zxk
1157,6mlo
1158,4jk5
1159,4e3g
1160,1gca
1161,5iay
1162,3b5j
1163,2cle
1164,3buo
1165,1rdl
1166,2qrm
